emoji,name,color
ğŸª™,Blockchain Bosses,#FFD700
ğŸ¤–,AI Aficionados,#191970
ğŸ“Š,Data Daredevils,#008080
ğŸ¦¸,Agile Avengers,#FFA500
ğŸ–¥ï¸,Pixel Pioneers,#000080
ğŸ”,Innovation Inspectors,#4B0082
ğŸ›¡ï¸,Cyber Sentinels,#36454F
ğŸ“ˆ,Process Prophets,#50C878
ğŸ§‘â€ğŸš€,Vision Virtuosos,#EE82EE
ğŸ†,Change Champions,#DC143C
ğŸ’¡,Digital Dreamers,#FFF44F
âœ¨,Future Wizards,#007FFF
ğŸ¦,Leadership Lions,#FFD700
â˜ï¸,Cloud Conquerors,#87CEEB
ğŸŒ‹,Transformation Titans,#CC5500
ğŸ§­,Next-Gen Navigators,#2E8B57
ğŸ¦¾,Tech Titans,#00008B
ğŸ’–,Empathy Engineers,#FF69B4
ğŸ§¬,Digital Dynamos,#40E0D0
ğŸ¤¹,Agility Artists,#FF00FF
ğŸ•¶ï¸,Hackathon Heroes,#000000
ğŸ”®,Decision Designers,#9966CC
ğŸ”ï¸,Future Foragers,#0047AB
ğŸ›ï¸,Leadership Legends,#954535
ğŸš¢,Crypto Captains,#000080
ğŸ»,Data Disruptors,#5D3A00
ğŸ§±,Algorithm Architects,#708090
ğŸ©,Mindset Masters,#4169E1
ğŸš€,Innovation Igniters,#FF6347
ğŸ‰,Data Dragons,#50C878
ğŸ¤“,Strategy Sages,#E0115F
ğŸš—,Agility Accelerators,#32CD32
â„ï¸,Leadership Avalanche,#ADD8E6
ğŸ—‚ï¸,Metadata Magicians,#614051
ğŸ•¸ï¸,Digital Dreamweavers,#000080
ğŸŒ†,Urban Innovators,#87CEEB
âš¡,Turbo Team,#C0C0C0
ğŸï¸,Decision Drivers,#228B22
ğŸŒ¸,Empathy Elites,#FFB6C1
ğŸ”,Data Detectives,#6F4E37
ğŸ’¡,Leadership Lighthouses,#FFD700
ğŸ•ï¸,Future Founders,#8B4513
ğŸ©,Quantum Quests,#20B2AA
âš™ï¸,Strategy Sprinters,#B0C4DE
ğŸ…,Transformation Troopers,#FF4500
ğŸš€,Innovation Instigators,#FF2400
ğŸŒŒ,Vision Voyagers,#1A1A8F
ğŸª™,Blockchain Brigade,#F4C430
ğŸ“˜,Data Demigods,#0F52BA
ğŸï¸,Horizon Hunters,#228B22
ğŸ”,Insight Insiders,#B0B0B0
ğŸš€,Velocity Vanguards,#B0C4DE
ğŸ§­,Next-Gen Nomads,#98FB98
ğŸ”¦,Leadership Luminaries,#1E90FF
âš’ï¸,Transform Titans,#808080
âš¡,Tech Trailblazers,#E5E4E2
ğŸ•µï¸,Innovation Insiders,#556B2F
ğŸ§¬,The Quantum Crew,#003366
ğŸ”ï¸,Solution Seekers,#EAE0C8
ğŸ“Š,Digital Dominators,#7DF9FF